Title,Category
"UserWarning: Using a target size (torch.Size([1])) that is different to the input size (torch.Size([1, 1]))",4
How to free all GPU memory from pytorch.load?,3
PyTorch gives incorrect results due to broadcasting,4
How to install keras 2.0.5 version in a conda environment,0
How can I do the mean of n tensors? Sum them and divide the result by N. Getting a tensor with the same shape,2
Can I use VGG16 for one channel images?,2
Unable to get tf.data to match keras Sequence performance,4
Implementing Multiclass Dice Loss Function,2
Tensorflow object detection: cropping large input images into tiles,2
Parallel execution of TF ops in eager code?,5
"How to resolve the error that says ""shapes cannot be multiplied""",4
Multi label classification with unbalanced labels,1
Getting repetitive pattern from multi-step-ahead prediction on timeseries data using LSTM,2
Error occurred when finalizing GeneratorDataset iterator: Cancelled: Operation was cancelled,4
How to get multiple slices of the same size from a `Tensor`?,2
How to return extra loss from module forward function in PyTorch?,2
How can I remove elements across a dimension that are all zero with PyTorch?,2
How can I do return_sequences for a stacked LSTM model with PyTorch?,2
PyTorch error: CUDA error: CUBLAS_STATUS_INTERNAL_ERROR when calling `cublasCreate(handle)`,4
How can I do a sequence-to-sequence model (RNN / LSTM) with Keras with fixed length data?,2
How can I trim / remove part of a Tensor to match the shape of another Tensor with PyTorch?,2
shaping tf.Data as input for LSTM layer fails with incompatible dimensions,4
Module: tf.keras.datasets. Set where (directory) to download the dataset,1
"""Shapes of all inputs must match"" error loss function when trying to do custom training with tf.GradientTape()",1
Error restoring weights into a VGG-16 network,4
Error: Some NCCL operations have failed or timed out,4
Convert NamedTuple elements to Tensorflow Dataset element type,2
GCP Vertex AI Training: Auto-packaged Custom Training Job Yields Huge Docker Image,1
CrossEntropyLoss showing poor accuracy on 2d output,3
Let pip-compile determine versions of tensorflow packages based on installed tensorflow version,0
How do I install the most recent Tensorflow (here: 2.2) on Windows when conda does not yet support it?,0
how to run a tf.test.TestCase from jupyter notebook - UnrecognizedFlagError: Unknown command line flag 'f',4
AttributeError: 'Model' object has no attribute 'trainable_variables' when model is <class 'keras.engine.training.Model'>,4
"Model inputs must come from `tf.keras.Input` ..., they cannot be the output of a previous non-Input layer",2
Migrate tf.contrib.layers.batch_norm to Tensorflow 2.0,5
"After removing the Sequential from a convolutional network I get: ""TypeError: 'Tensor' object is not callable""",4
Migrate Tensorflow 1.x code to Tensorflow 2.x using Keras' model class,5
Implement boolean indexing with Tensorflow Tensors and assign a new value to those indices,2
Use Hamming Distance Loss Function with Tensorflow GradientTape: no gradients. Is it not differentiable?,2
Is there a way to train a Tensorflow Keras' model manually without using the fit method or I'm freaking out?,1
"How to convert a Tensor with shape (None, 512) into a Tensor with shape (None, 12, 12, 512)",2
Why is TensorBoard not showing any data?,4
Convert PyTorch GPU tensor to Tensorflow 1.x tensor without leaving the GPU,3
How to include the TensorFlow object detection API into my Python project?,2
Python setup.py: Could not find suitable distribution for Requirement.parse('tensorflow'),4
PyTorch: Speed up data loading,3
Can auto-encoder encode new vector without re-training afresh?,1
Why PyTorch fails to instantiate this neural network from Torch Hub?,4
how to get alignment or attention information for translations produced by a torch hub model?,2
PyTorch LogSoftmax vs Softmax for CrossEntropyLoss,3
unable to pickle keras.layers.StringLookup,4
"Keras model with 2 inputs during training, but only 1 input during inference",1
how should batch size be customised?,1
TPU keras regression very slow compared to GPU/CPU,3
"Error when loading torch.hub.load('pytorch/fairseq', 'roberta.large.mnli') on AWS EC2",4
Is there a way in Keras to immediately stop training?,1
"How to free TF/Keras memory in Python after a model has been deleted, while other models are still in memory and in use?",3
How to segment handwritten digits,2
Why does Lingvo not use `tf.data`,1
"`tf.data.Dataset` runs on CPU, except of `PrefetchDataset`?",3
How to get the sequence lengths from padded batches from a `tf.data.Dataset`?,1
Peek on `PrefetchDataset`,1
How can I run tensorflow without GPU?,3
"Juypter Lab is running with GPU (claimed to be), but nvidia-smi said otherwise",3
Trying to solve data dimension mismatch in keras,2
How to profile TensorFlow 1.15 memory allocation in eager mode,3
How can I add zeroes to the end of a PyTorch tensor based on a modulo operation?,2
Why is very simple PyTorch LSTM model not learning?,4
How can I parallelize a for loop for use in PyTorch?,2
How to apply max_length to truncate the token sequence from the left in a HuggingFace tokenizer?,2
installing pytorch to one conda evnironment removes existing installation from other conda environments,0
What problem does `batch` solve in Tensorflow Dataset pipeline creation and how does it interact with the (mini-) batch size used in training?,1
Create federated learning data,1
tensorflow keras: use variable of one Layer in another (Serialization Error: TypeError: can't pickle _thread.RLock objects),4
"MXNET CMake reports ""GPU support is disabled""",3
How to disable multithreading in PyTorch?,2
"Why does Pytorch EmbeddingBag with mode ""max"" not accept `per_sample_weights`?",3
Avoid memory copies of tensors when when using torch.multiprocessing with CUDA,3
Wrong LSTM time series predicted for input size different from trained input size,4
Tensorflow: ValueError: `generator` yielded an element of shape () where an element of shape () was expected,4
How can I slice a PyTorch tensor with another tensor?,2
Pytorch-lightning strange error: implemented method that does not override its parent's method,4
"On batch size, epochs, and learning rate of DistributedDataParallel",1
Ray RLlib: Why is the learn throughput decreasing in DQN Training?,1
Unable to update PyTorch 1.4.0 to 1.5.0 using Conda,0
Keras: Custom loss function with training data not directly related to model,1
Can I use MSE as loss function and label encoding in classification problem?,3
Converting Keras model with TFLiteConverter to quantized tflite version results in NOTYPE error,4
Failure to pip install tensorflow on M1 mac,0
Create training function for neural network to minimize (or maximize) output,1
AttributeError: 'torch.return_types.max' object has no attribute 'dim' - Maxpooling Channel,4
TPU issue. Transition TF 1.3 to TF 2.1,5
Can I log training loss via a hook with a LinearRegressor?,1
ValueError: No gradients provided for any variable - Tensorflow 2.0/Keras,4
Training runs out of memory as RAM consumption keeps growing,3
How to convert saved model from NCHW to NHWC?,5
"WARNING:tensorflow:Inconsistent references when loading the checkpoint into this object graph. Whne using model.load_weights(""ckpt"")",4
"ValueError: Value tf.Tensor.. shape=(), dtype=float64) has insufficient rank for batching.?",4
implementing feature column resulting in 0% accuracy,3
"tensorflow_model_server: Error ""The first dimension of paddings must be the rank of inputs[4,2]...""",4
How to convert a PyTorch nn.Module into a HuggingFace PreTrainedModel object?,5
conda env broken after installing pytorch on M1 - Intel MKL FATAL ERROR,0
Custom loss calculation causes RuntimeError: Attempting to capture an EagerTensor without building a function,4
HuggingFace BERT `inputs_embeds` giving unexpected result,4
U-net: how to improve accuracy of multiclass segmentation?,3
Watch-your-step model with StellarGraph is not working on a GPU,3
"Why do I get ""slice index 0 of dimension 0 out of bounds"" error in Tensorflow for Java?",4
What is the proper way to install TensorFlow on Apple M1 in 2022,0
TensorFlow: Why is the training of an RNN too slow on Apple Silicon M2?,1
Tensorflow to Tensorflow-lite conversion,5
Why stealthy Tensorflow upgrade to 2.9.1 breaks Google Colab Jupyter notebooks that use GPU but not CPU?,3
pytorch - how to troubleshoot device (cpu \ gpu) settings of tensors \ models,3
How to write a custom loss function in Keras/Tensorflow that uses loops/iterations with reference numpy code,2
Python Keras code out of memory for no apparent reason,3
Why does my model work with `tf.GradientTape()` but fail when using `keras.models.Model.fit()`,4
How exactly should I run distributed training with Tensorflow?,1
pytorch static quantization: different training(calibration) and inference backends,1
How to use Pytorch and Huggingface to allocate GPU memory progressively,3
Keras / Tensorflow suspected memory leak,3
How to create additional training images with Keras preprocessing layers?,1
Why is training loss oscilating up and down?,1
Pytorch - building from source - CMAKE_BUILD_WITH_INSTALL_RPATH,0
Memory usage with tf.debugging.enable_check_numerics(),3
Out of memory after a couple of decodeJpeg calls,3
How can I keep imports lightweight and still properly type annotate?,2
How to deploy TensorFlow model as a REST service,5
Misleading training data shuffle for stateful GRU in Tensorflow text_generation tutorial,1
How can I build an LSTM AutoEncoder with PyTorch?,2
"With PyTorch, how can I pass the output of a bidirectional LSTM to a Linear layer?",2
How can I resize a PyTorch tensor with a sliding window?,2
PyTorch LSTM: RuntimeError: invalid argument 0: Sizes of tensors must match except in dimension 0. Got 1219 and 440 in dimension 1,4
RuntimeError: Expected object of scalar type Double but got scalar type Float for argument #2,4
Keras to Core ML model conversion with custom layer - conversion function ignored,5
How do I adjust contrast within TensorFlow layer?,2
Tensorflow Adam Optimizer state not updating ( get_config ),4
Tensorflow Autograph issue with for loop,4
How to select a subset of the eval_dataset when training with Huggingface Trainer?,1
Cannot assign a device for operation when using GPU with multiple embedding inputs in Tensorflow 2.3 with Keras,3
How to train pytorch model using large data file while using Dataloader?,1
Bad accurancy on simple machine model? How can I debug?,3
How to reduce loss and improve accuracy in text classification?,3
How to continuously take from a dataset?,1
Keras seem to ignore my batch_size and tries to fit all data in GPU memory,3
How to use TF datasets with images for multi-GPU training in Keras?,1
Error with matplotlib scatter plot due to color palette,4
Binary classification of pairs with opposite labels,2
Uncaught (in promise) Error: Failed to compile fragment shader Error in Tensorflow.js project,4
How to save TF2 trained model and use it again for inference?,1
Default category when training a classification model,1
How do I convert a Coqui Tensorflow model to .tflite?,5
Apply gradient to a tensor in a sparse way in PyTorch,2
How to specify different package requirements depending on operating system?,0
Why does pip3 report that I don't have tensorflow>=2.7.0 when my script says I have 2.10.0? (Mac M1),0
tensorflow ModelCheckpoint on validation precision and recall,3
BERT Model Fine Tuning and migrating to TF2,5
How to sample similar vectors given a vector and cosine similarity in pytorch?,2
"TypeError: Tensor is unhashable. Instead, use tensor.ref()",4
Allowed REGEX in Custom Standardization and dealing with TensorFlow tf.strings and TextVectorization,2
Tensorflow: Object_detection: label_map_util AttributeError: module 'tensorflow' has no attribute 'gfile',4
TFBertForSequenceClassification for multi label classification,1
"Exception encountered when calling layer ""sequential_4"" (type Sequential)",4
Command Line stable diffusion runs out of GPU memory but GUI version doesn't,3
Get python string from Tensor without the numpy function,2
"Given a dataset, find if it's batch'ed",1
How to optimize pip imports for Dockerfile layers caching,0
Why Does PyTorch Use So Much GPU Memory to Store Tensors?,3
How to properly mask MultiHeadAttention for sliding window time series data,1
"TypeError: '...' has type str, but expected one of: bytes",4
Why do I get a Conv2D error trying to run Conv1D layer?,4
How to improve the performance of TensorFlow inference?,3
How can I modify this training script to make it run faster?,1
How can implement this deep learning model in Keras?,2
"""ValueError: Couldn't find 'checkpoint' file or checkpoints in given directory"" error with Google's object detection tutorial",4
TensorFlow not training on all inputs,1
How to implement an RNN from scratch in Tensorflow?,2
Is there a version of Tensorflow 1.1x that is compatible with CUDA 10.2,0
ERROR: (wheel).whl is not a supported wheel on this platform,4
Mixed precision training leads to NaN-loss,1
tf.data WindowDataset flat_map gives 'dict' object has no attribute 'batch' error,1
Distribute data from `tf.data.Dataset` to multiple workers (e.g. for Horovod),1
Pytorch multiprocessing with shared memory causes matmul to be 30x slower (with only two processes),3
Probabilistic time series returning results above thresholds (GluonTS),4
How can I get the cosine similarity of all elements of an array with all the other elements in the same array using Tensorflow,2
NameError: name '_C' is not defined,4
RuntimeError: PytorchStreamReader failed reading zip archive: failed finding central directory,4
How to get tensor from PyTorch split(),2
Implementing Dice Lose,2
Cannot convert from a fine-tuned GPT-2 model to a Tensorflow Lite model,5
A custom Image DataGen for stacked denoising autoencoder (DAE) in Keras on GPU (exceptions),3
How do I use tensorboard with pytorch?,5
How can I let Kirin 990's NPU work on TensorFlow Lite?,5
How can I convert my model like mobilenet_v1_1.0_224_quant.tflite in tensorflow/examples?,5
How do I distribute a static tensor to each GPU and use the local copy for my tf.data?,3
Get the neural network weights out of a Tensorflow `Graph`,1
Keras: Changing the structure of a trained model,1
Build a Keras model that takes a structured array as an input,1
ValueError: Data cardinality is ambiguous. Please provide data which shares the same first dimension,4
TensorFlow Keras SavedModel throws a TypeError after being saved and loaded twice,4
How to get the number of epochs the best model was trained using Keras Tuner?,1
"In tensorflow.js, how do I compute the gradient wrt a model input?",1
"How to plot multi-epoch x-y line graph in Tensorboard, which is not a histogram?",2
How to use Tensorboard's TSNE correctly with pytorch-lightning?,2
How to make pip run a specific command from requirements file?,0
"How to allow complex inputs, and complex weights to a Pytorch model?",1
RaggedTensor request to TensorFlow serving fails,4
SageMaker TF 2.3 distributed training,1
Pytorch CUDA error: no kernel image is available for execution on the device on RTX 3090 with cuda 11.1,4
How to train a model with multiple inputs in a batch?,1
How do you use Keras preprocessing.Normalization layers with multi-Input models and a Dataset?,1
GPU Pytorch with CUDA10.2 and GPU Pytorch with CUDA11.1,3
Installation issue of CUDA and cuDNN on Windows,0
TF Agents: How to feed faked observations in to a trained deep Q network model to examine which actions it chooses?,1
How to use tf.data.Dataset.ignore_errors to ignore errors in a Tensorflow Dataset?,4
ValueError: Inputs have incompatible shapes,4
keras: ValueError: Failed to find data adapter that can handle input,4
How to update weights in Stochastic Weight Averaging (SWA) on tensorflow?,1
Object Detection Few-Shot training with TensorflowLite,1
tensorflow model predict runs out of memory,3
Pytorch inference time difference between CUDA 10.0 & 10.2,5
Python train convolutional neural network on csv numpy error input shape,1
PyTorch - How to use k-fold cross validation when the data is loaded through ImageFolder?,1
What is a good learning rate graph to gauge training peformance,1
Keras tuner: mismatch between number of layers used and number of layers reported,4
Tensorflow JS errors in object detection in an image using a browser,4
How do a tf-serving which use GPU's concurrency work?,3
tensorflow 1.15 installation numpy dependency,0
Tensorflow serving performance problems when scaling to multiple instances in Kubernetes,3
Random number generation in Tensorflow is very slow (tensorflow-gpu),3
How to use AWS Sagemaker with newer version of Huggingface Estimator?,5
Tensorflow model.fit() reproducibility,2
Tensorflow: Custom CNN model accuracy depleted with training=False,3
Specifying cpu-only for pytorch in conda YAML file,3
Conv1D for classify non-image dataset show error ValueError : `logits` and `labels` must have the same shape,4
Why did the Seq2SeqTrainer not stop when the EarlyStoppingCallback criteria is met?,1
How to train a neural network to convert integer to roman numbers?,1
Keras Custom Loss Function accessing Additional Parameters during Training only,1
TorchSharp Exception with GPU,3
Keras tuner Bayesian Optmization graph error,4
"Error calculating area ""IndexError: too many indices for tensor of dimension 1""",4
Mlflow and KerasTuner integration,5
Tensorflow text classification with subject for each text,2
How to pass input data to an existing tensorflow 2.x model in Java?,5
How to use tensorflow hub in Azure ML,5
"When training a model over multiple GPUs on the same machine using Pytorch, how is the batch size divided?",3
Simple TF2 Keras Model much slower predict and doesn't seem to train with eager execution enabled,1
select sub elements from another batch,1
How do I use HAL version 1.2 on Tensorflow Lite for Android?,5
Google Vertex AI Prediction: Why is TorchServe showing 0 GPUs?,3
Does low GPU utilization indicate bad fit for GPU acceleration?,3
Make TensorFlow use the GPU on an ARM Mac,3
cannot fit the model using data loaded from tfds ImageFolder,4
How to implement differentiable hamming loss in pytorch?,2
How to get access to tokenzier after loading a saved custom BERT model using Keras and TF2?,5
Transforming a sequence of integers into the binary representation of that sequence's strides,2
RNN implementation in PyTorch vs Tensorflow,2
why am I getting warning/error when working with tensorflow (use functional API and not implemented error),4
Training model on the same data for too long make its predictions unusable even for training data,1
Saving the weight of one layer in Pytorch,2
ERROR: Could not find a version that satisfies the requirement tensorflow-directml,4
"Saving SentencepieceTokenizer in Keras model throws TypeError: Failed to convert elements of [None, None] to Tensor",4
How to efficiently draw a plot of a torch.nn model?,2
"On a GPU-enabled computer, will tensorflow array operations be carried out on GPU automatically?",3
Implementing binary cross entropy from scratch - inconsistent results in training a neural network,1
Misclassification cost depending on particular classes involved,3
Keras custom loss - Combining loss of multiple branch,3
Tensorflow optimizer getting poor results,3
Keras giving low accuracy after loading model,3
Filter NaN values in Tensorflow dataset,2
tensorflow ValueError: Shapes are incompatible,4
TensorFlow ValueError: Dimensions must be equal,4
Python Tensorflow and OpenCV on Apple Silicon M1,5
Why does my model give 100% accuracy with only one layer of softmax?,3
Tensorflow see's GPU but only uses xla_cpu and crashes when told to use xla_gpu,3
TensorflowJS backend CPU kernel undefined is already registered,3
How to install libcusolver.so.11,0
Can I calculate loss on specific output value with pytorch binary classifier,2
Why does it take so long print the value of a GPU tensor in Pytorch?,3
Binary classification model using BERT encoder stuck at 50% accuracy,3
Keras with Tensorflow backend does not use GPU,3
How to make a custom metric available to TFMA/Beam?,2
Tensorflow Serving returns 400 Bad Request error,4
How to print custom messages in tensorflow?,2
Why conda cannot install tensorflow gpu properly on Windows?,0
How Implement on the fly augmentation in the tensorflow?,2
Tune a pre-existing model with Keras Tuner,2
Hyperparameter Tuning with Wandb Sweep for custom parameters,2
PyTorch: How to convert SentencePiece numbers into tokens,2
Iterating Dask Dataframe,2
"Invalid argument: indices[0,0] = -4 is not in [0, 40405)",4
"use both CPU and GPU on google colab parallelly, using TensofFlow",3
ValueError: Data cardinality is ambiguous,4
Tensorflow Could not load dynamic library 'libcudart.so.10.0 on ubuntu 18.04,0
java BindException: Address already in use: bind even though port is free,4
Tensorflow Profiler - what is this gap and how to reduce it?,2
How to reduce vocabulary using tf.keras.preprocessing.text.Tokenizer?,1
"Tensorflow GPU - device interconnect, stream executor with strength 1 edge matrix?",3
Out of memory running VGG-19 on Keras and tensorflow on an 11GB GPU,3
Train and predict on variable length sequences,1
Can't install pip package (No metadata found),0
Keras: Concatenation of Two Embedding Layers Fails,4
change a single weight in a NN,2
Loading pretrained BERT model issue,4
"Indexing list of cuda tensors gives error - ""can't convert cuda:0 device type tensor to numpy""",4
"Tensorflow fit ValueError: Shape mismatch: The shape of labels (received (16640,)) should equal the shape of logits except for the last dimension",4
How to install Tensorflow via conda for Python 3.10.*?,0
"ValueError: Shapes (None, 10) and (None, 32, 32, 10) are incompatible (Keras tuner)",4
"How to disable FutureWarning: Passing (type, 1) or '1type' as a synonym of type is deprecated warning?",4
"Tensorflow import is very slow because it's looking for ""cudart64_110.dll"". I don't have a gpu. Is there a cpu-only version?",3
Converting tensorflow tf.contrib.layers.layer_norm to tf2.0,5
How to install h5py (needed for Keras) on MacOS with M1?,0
Simple DQN to slow to train,1
"How to correctly define a Pytorch dataset and dataloader for data which is scattered accross disk, AND in each file?",2
Pytorch: RuntimeError: reduce failed to synchronize: cudaErrorAssert: device-side assert triggered,4
How to run LSTM on very long sequence using Truncated Backpropagation in Pytorch (lightning)?,2
"How to create tensor directly on GPU, or on device of another tensor?",3
Poor DCGAN performance when upgrading from keras to tf.keras,5
Calculating Probability of a Classification Model Prediction,3
How to assign a name for a pytorch layer?,2
Why is data augmentation degrading performance for Mask-RCNN?,3
How do you do data augmentation for segmentation in PyTorch,2
How to calculate the median of a masked tensor along an axis?,2
FARM-Haystack Install downgrade Pytorch Causes CUDA Incompatibility,0
How to build a one hot encoder from a vector of words in TF,1
How to print the data from the output of a keras layer?,2
How to fine tune sentence-transformers to understand the semantic similarity,2
"Pytorch lightning metrics: ValueError: preds and target must have same number of dimensions, or one additional dimension for preds",4
How to calculate torch.mean with default value for empty slice?,2
"How to override gradient vector calculation method for optimization algos in Keras, Tensorflow?",2
Keras validation and loss fluctuation overfitting,3
How to save 4d ndarray to image files,2
AttributeError: The layer has never been called and thus has no defined output shape,4
AssertionError: Torch not compiled with CUDA enabled (depite several reinstallations),4
How to pad timestamp for LSTM,2
How to install keras-bert?(The following packages are not available from current channels),0
Why is model.fit faster than iterating model.train_on_batch over a dataset?,1
PyTorch training attribute doesn't exists in C++ module,1
Keras installation failed with Rstudio RcppTOML had non-zero exit status,0
How to deploy Tensorflow TFX pipeline with Git/Jenkins Orchestrating in Apache beam,5
keras.layers.MaxPool3D: ValueError,4
ValueError when fitting keras model,4
Creating a custom LSTMCell in Tensorflow with GPU support,3
TensorFlow training with large dataset takes too long,1
RuntimeError: cudaGetDevice() failed. Status: invalid argument,4
TF Agents: How to use batch normalization within the layers of a ActorDistributionNetwork,2
TF accuracy score and confusion matrix disagree. Is TensorFlow shuffling data on each access of BatchDataset?,3
Installing Tensorflow 2 gets a dll failed to load in pywrap_tensorflow.py,0
"Pytorch training loss function throws: ""TypeError: 'Tensor' object is not callable""",4
Install Tensorflow 2.2 for Python 3.8 in Anaconda (Windows x64),0
How to build a DQN that outputs 1 discrete and 1 continuous value as a pair?,2
"Numpy error in file ""mtrand.pyx"" while fitting a keras model",4
AttributeError: module 'tensorflow.compat.v2' has no attribute 'logging',4
pytorch code sudden fails on colab with NVIDIA driver on your system is too old,4
"How to create a custom layer using the keras Functional API, that supports masking?",2
Tensorflow 2.0: How to implement a network with fusion at feature level?,2
"How to solve ""ERROR: No matching distribution found for tensorflow==1.12.0""",4
How to resolve the error: RuntimeError: received 0 items of ancdata,4
How to shape TFRecordDataset to meet Model API?,2
How to store and load training data comprised 50 millions 25x25 numpy arrays while training a multi-class CNN model?,1
python3 install of Tensorflow on Apple silicon M1,0
How is add_loss and compile's loss combined for the gradient calculation?,2
How do I reorder the dimensions of a rank 3 tensor in Tensorflow.js?,2
How to convert KerasTensor to numpy array,2
Pytorch only sees 15GB memory when the device should have more,3
Keras functional model produces subclassing error,4
Is there an efficient way of applying a different function to each element of an array?,2
How to save a list of pytorch models,2
How to do cubic spline interpolation and integration in Pytorch,2
How to properly initialize TensorFlow GRU-layer with noisy states?,2
converting from tflearn to keras,5
Specifying class or sample weights in Keras for one-hot encoded labels in a TF Dataset,2
got error when reading data from big query table,4
Error: Requested texture size [0x0] is invalid,4
Where is the code Tensorflow uses to implement RMSProp,2
install/import Pytorch on mac osx / python 3.7,0
Can't import package that is installed in conda environment,0
How to use Pytorch Tensor object in Opencv without convert to numpy array?,2
PyTorch: How to check if some weights are not changed during training?,1
Training a keras model using TPU pods?,1
How to translate or convert code from Python Pytorch to C++ Libtorch,2
Speeding up TF/Keras LSTM text generation on GPU?,3
How do I install the d2l library on Windows without conda?,0
R Keras: Create higher rank tensor to apply reduce_mean(),2
Tensorflow object detection: Continue training,1
Creating a good training set for one-class detection,1
Results mismatch between convolution algorithms in Tensorflow/CUDA,4
Tensorflow for Node GPU doesn't release memory,3
Error while running deepmimic example in pybullet with tensorflow,4
How to evaluate accuracy of Keras's Embeding Layer,3
tf.GradientTape doesn't return gradients,1
Not able to install packages that rely on Tensorflow on Mac M1,0
Tensorflow Dataset Split Images into Tiles,2
Load keras model with custom_metrics and custom loss,3
How do I calculate the overall loss for an epoch with distributed training via ray?,1
Memory efficient sliding window sequence learning with TensorFlow,3
Tensorflow: How to prefetch data on the GPU from CPU tf.data.Dataset (from_generator),3
Error when fit tf.keras.layers.Input into tf.strings.split,3
Applying a simple transformation to get a binary image using pytorch,2
Keras model trained with Multi GPUs not loading on non gpu machine,3
Importing tensorflow in vite,0
Training out false positives in object detection,1
Pytorch model dies with a java interrupted exception,4
How does Multi-GPU scale in terms of memory allocation?,3
Normalizing windows in tensorflow dataset,2
How to import tensorflow in google colab,0
How to calculate mean on second axis until row-specific column in Pytorch?,2
Training data preparation for Training ELMO Embedding from scratch,1
Different behaviors between train_on_batch and gradientTape,1
Reformer local and LSH attention in HuggingFace implementation,2
Security of a trained tflite model,1
GPU not captured by TensorFlow,3
Parallel processing on GPU (MXNet) and CPU using Python,3
How to reset the learning rate in Tensorflow 2,1
convert pytorch model with multiple networks to onnx,5
Hot to make custom preprocessing layer in tensorflow 2.4?,2
modifying elements of tensor at given indices and conditions,2
pytorch summary fails with huggingface model,4
Pytorch with CUDA local installation fails on Ubuntu,0
How to install the latest PyTorch preview (nightly) build via Poetry,0
Error when saving model with tensorflow-agents,4
Speed up the initial TensorFlow startup,3
Mapping tensor in pytorch,2
Can I install Tensorflow 1.15 with GPU support on Ubuntu 20.04.1 LTS?,0
Converting an RGB to BGR for Torch Tensor in C++,5
Error with TfidfVectorizer but ok with CountVectorizer,4
Converting ONNX model to TensorFlow Lite,5
Keras fails while processing word embedings,4
How can i convert a TF frozen graph .pb file to Keras .h5 (hdf5) format?,5
"Using ""apex"" and ""nn.Embedding"" weights matrix without specify float16 reports type error",4
How do you get cabal to install a local package?,0
Train a neural network when the training has only the derivative of output wrt all inputs,1
error when trying to import tensorflow_probability (no module named keras),4
Accuracy of same validation dataset differs between last epoch and after fit,3
How to implement text recognition from an image using Tensorflow lite for Android App,2
Keras Multi-Class Image Segmentation - number of classes?,2
Serializing a tensor and writing to tfrecord from within a graph,2
TypeError: 'tensorflow.python.framework.ops.EagerTensor' object does not support item assignment,4
How do I implement a controlled Rx in Cirq/Tensorflow Quantum?,2
Calculate angles in pytorch,2
Why does an ANN validation accuracy oscillate?,3
How can I execute multiple NN training?,1
AttributeError: 'TensorSliceDataset' object has no attribute 'get_shape',4
tf.cond() returning a tensor of shape unknown,4
Memory leak when using lambda in Python class,3
Training PyTorch models on different machines leads to different results,1
TypeError: while building a keras model,4
How to train tf/keras model with uint8 data?,1
ValueError: `sample_weight` argument is not supported when using dataset as input,4
How to install PyTorch in Coral Dev Board,0
Why is the implementation of cross entropy different in Pytorch and Tensorflow?,2
Shape mismatch with Tensorflow Dataset and Network,4
"Error: Argument 'x' passed to 'pad' must be a Tensor or TensorLike, but got 'Tensor'",4
How to fix an error with the quickstart tutorial for pytorch?,4
Gradient is None is Pytorch,1
Training PyTorch models on different machines leads to different results,1
"""TypeError: Could not build a TypeSpec for name ..."" when using tf.assert on unknown dimensions",4
How do I get the gradient of a keras model with respect to its inputs?,1
Tensorflow 2: GradientTape returns None,1
pkg-config error in tensorflow pip install,0
ImportError: cannot import name 'preprocessor_pb2' from 'object_detection.protos' when using Google Colab,4
Running TensorFlow with XLA tf.function throws error,4
"How to solve the famous `unhandled cuda error, NCCL version 2.7.8` error?",4
How does one install PyTorch and related tools from within the setup.py install_requires list?,0
How to use PyTorch DataParallel with non-tensor input,2
Pytorch VGG16 throwing a matrix multiplication RuntimeError during inference,4
PyTorch allocates more memory on the first available GPU (cuda:0),3
Training the same model on the same data yielding extremely different test accuracy,1
Validation loss become nan while training on TPU but perfectly ok on GPU,3
How can I unroll a PyTorch Tensor?,2
How can I implement basic question answering with hugging-face?,2
Tensorflow cant find GPU,3
Tensorflow Keras Keep Loss of Every Batch,3
How to call callback after n epochs but always in the last epoch of training?,1
Unable to install tensorflow using conda with python 3.8,0
How to calculate geometric mean in a differentiable way?,2
Getting shape dimension error during Concatenation while employing Attention to my seq2seq model?,4
install tensorflow-decision-forests in windows,0
Installing Tensorflow on macOS on an Arm MBP,0
How to install PyTorch on ppc64le with pip?,0
Tensorflow raised error: ImportError: cannot import name 'export_saved_model',4
"In PyTorch, how do I update a neural network via the average gradient from a list of losses?",2
how to normalize always changing data?,2
ValueError: Tensor conversion requested dtype float32_ref for Tensor with dtype float32,4
incompatible input layer size error in a Cat Dog Classification CNN model,4
TensorFlow C backend selection GPU,3
Override tf.floor gradient,1
Tensorflow 2.0 - tf.estimator.DNNClassifier training for big datasets,1
How to visualize 3d joints of a SMPL model based on pose params,2
Running Pytorch with torch.distributed.launch requires more memory?,3
How to share a single GPU deep learning server?,3
How to get progress of current epoch during tf.keras training?,1
Custom categorical loss function in keras according to the input group,1
Tensor output from final layer is of the wrong shape in PyTorch,4
Masking only specific words with Huggingface,2
No gradient on ResNetv2 101 with TensorFlow,1
How to remove training=True from the inbound nodes of a layer in an existing model?,1
The mxnet's cpp package reports error when #include regarding dmlc/base.h,4
Adding custom weights to training data in PyTorch,1
"How to fix Keras ValueError: Shapes (None, 3, 2) and (None, 2) are incompatible?",4
"Tensorflow tf.saved_model not keeping model loaded in memory, have to re-load in loop",3
"Model returning error - ValueError: logits and labels must have the same shape ((None, 18) vs (None, 1))",4
Train neural network with unlimited training data,1
Dimension mismatch in Keras sequence to sequence model with Attention,4
How to implement false positive rate as TF metric,2
"When I run deep learning training code on Google Colab, do the resulting weights and biases get saved somewhere?",1
How to load a trained TF1 protobuf model into TF2?,1
Performance of tensorflow built-in training loops vs customized training loops,1
Understanding different behaviors of PyTorch on CPU/GPU when typecasting boolean to float,3
How to partition a neural network into sub-networks in Pytorch?,2
Can't build Detectron2 on Windows 10,5
Tensorflow 2.3 does not use GPU,3
stop gradients flowing in a joint loss,1
"Tensorflow gather, concatenate and then pad operation?",2
input function requirement for train_in_memory,3
"CUDA OOM on Slurm but not locally, even if Slurm has more GPUs",3
How to train tensorflow / machine learning what strings should match?,1
Load pickle saved GPU tensor with CPU?,3
How to get history over one epoch after every batch,1
PyTorch - Save just the model structure without weights and then load and train it,1
How to test pytorch GPU code on a CPU machine,3
.predict() runs only on CPU even though GPU is available,3
Can writing to Tensorboard cause memory (RAM) OOM issues? (especially in PyTorch),3
Converted ONNX model runs on CPU but not on GPU,3
Resuming training with fit resets batch step to 0,1
How can I see the model as visualized?,2
Tensorflow strategy error: Mixing different objects with overrides keras model,4
Error implementing torch.optim.lr_scheduler.LambdaLR in Pytorch,4
How to predict multiple features using keras with time series?,2
Install Tensorflow 2.3.0 on Raspberry Pi 4,0
why does conda install the pytorch version  to download the cuda toolkit version?,0
No gradients provided for loss with custom gradient,1
How to parallelize a training loop ever samples of a batch when CPU is only available in pytorch?,1
How does one install torchmeta using conda?,0
How to make sure PyTorch has deallocated GPU memory?,3
"Loss is nan, stopping training",1
how to see where exactly torch is installed pip vs conda torch installation,0
How to correctly use Cross Entropy Loss vs Softmax for classification?,2
How does one install pytorch 1.9 in an HPC that seems to refuse to cooperate?,0
Puzzling mxnet performance under Python vs Mathematica,3
"Electron 8, GPU process hogs memory",3
Pyinstaller Tensorflow bundle fails,4
How to vectorize indexing and computation when indexed tensors are different dimensions?,2
Implementation Differences between SGD Tensorflow and PyTorch SGD,2
What is the best way to load data with tf.data.Dataset in memory efficient way,3
Memory issues for creating predictions using a pytorch model,3
Building RNN from scratch in pytorch,2
How Can I Implement a Multiclass Multilabel Classification in Keras,2
Error messages on loading tensorflow without GPU,4
TF Lite Re-training on Mobile,1
PyTorch Lightning training console output is weird,1
Custom Keras layer with some non-trainable weights,1
Number of units in the last dense layer in case of binary classification,2
Implementations and strategies for fast 2D interpolation from irregularly spaced points,2
How to train Keras model with multiple inputs in Tensorflow 2.2?,1
Monte Carlo Dropout implemented as subclass of tf.keras.Model,2
keras failed to import pydot,0
PyTorch - Train imbalanced dataset (set weights) for object detection,1
How to write cross-framework machine learning code for tensorflow and pytorch for migration?,5
Tensorflow hub.load Model to TFLite,5
Keras - Multilabel classification with weights,2
Environmental issue when trying to install tensorflow-nightly in venv in PyCharm,0
Multi-label classification implementation,2
Extracting ELMo features using tensorflow and convert them to numpy,2
Converting Mozilla DeepSpeech model to use in tensorflow.js,5
Sequence to Sequence - for time series prediction,2
layer Normalization in pytorch?,2
the tensorflow docker gpu image doesn't detect my GPU,3
Tensorflow not using multiple GPUs - getting OOM,3
LSTM with multiple features,2
Parallel read of numpy *.npz files for improved performance,3
Pytorch: Convert 2DCNN model to tflite,5
Convert Tensoflow model to PyTorch model,5
Tensorflow LSTM/GRU reset states once per epoch and not for each new batch,1
"How to normalize just particular columns, and leave others intact with Keras?",2
Building Tensorflow on Jetson Xavier cant to find CUDA,0
How to add convolutional layer to Keras model?,2
converting Tensorflow Object Detection API openvino IR,2
Install specific PyTorch version (pytorch==1.0.1),0
Training stability of Wasserstein GANs,1
convert Softmax to torchtensor,5
"How to design a shared weight, multi input/output Auto-Encoder network?",2
How do I copy data from CPU to GPU in a C++ process and run TF in another python process while pointing to the copied memory?,3
Reinforcement learning actor predicting same actions during initial training,1
Can't install tensorflow/tfjs,0
How to reduce false positives and false negatives on train set in deep learning,1
Vectorized beam search decoder is not faster on GPU - Tensorflow 2,3
Tensorflow 2 multiple models on same GPU speed improvement,3
Clearing GPU memory after interrupting the script,3
Error while changing shape,4
Implementing custom keras metric with outside parameter,2
Not seeing performance improvement when running TensorFlow on GPU,3
How to extract feature vector from single image in Pytorch?,2
Run validation on 1 GPU while Train on multi-GPU Pytorch Lightning,3
TensorFlow Keras multi-GPU training bad performance,3
Libtorch's CPU inference is much slower on Windows than on Linux,3
how to set signature name to serving_default to avoid issues after deployment to GCP AI Platform,5
Fixing initial weights when training Keras model in R,1
Pytorch unet semantic segmentation,2
Obtaining all combinations of Euclidean distance in Tensorflow?,2
Install Tensorflow 2.4 and opencv at the same time?,0
Too many open files error when training in loop,1
"Tensorflow Value Error: Shapes (None, 1) and (None, 10) are incompatible",4
Tensorflow: InvalidArgumentError: Graph execution error:,4
How to tokenize a text using tensorflow?,2
How can I implement this custom loss function in Keras?,2
Labels stuck at 0 using nn.CrossEntropyLoss for binary classification in PyTorch,2
Bart model inference results after converting from hugginface to onnx,5
Understanding Pytorch memory allocation on GPU,3
How to detect all GPU/CPU transfers in pytorch?,3
Running keras tokenizer in loop,2
"Anaconda, update Pytorch to the latest version 1.5",0
TensorFlow 2.0: Unable to train subclass model with custom fit in graph mode,1
"When training a GAN, should dropout be disabled in discriminator when training is disabled?",1
How to avoid iterating over Dataloader while resuming training in Huggingface Trainer class?,1
Getting Tensorboard Profiler to migrate in Windows,5
Tensorflow Keras Incompatible shapes when modifying Iris example,4
Pytorch VGG16 only returning True after training,1
Loss Function in Multi-GPUs training (PyTorch),1
How to manually implement padding for pytorch convolutions,2
pytorch: how to multiply 3d tensor with 2d tensor,2
How torch.distributed.launch assign data to each GPU?,3
Error in Tensorboard's(PyTorch) add_graph,4
How to fix the dimension error in function?,4
How to calculate the histogram of an image in pytorch without for loops,2
Calculate tensorflow Metric using more than one batch at a time,2
How to serialize tensorflow tensor as raw byte string,2
Tensorflow: Move tensor from GPU to CPU to free up memory,3
How to install tensorflow for Django Applications,0
Unknown words in a trained word embedding (Gensim) for using in Keras,1
How to use py installer for keras?,0
installing NVIDIA Apex for Python 3.8.5 and compatible with PyTorch 1.9,0
Tensorflow Keras Shape mismatch,4
Extracting Transfer learning output from CNN Keras,2
Understanding Memory Usage by PyTorch DataLoader Workers,3
Tensorflow 2.3+ build with CUDA 11.0 on Windows deployment,5
"Tensorflow: Incompatible shapes: [32,12] vs. [32,4]",4
Unknown value in Incompatible shapes error from Keras/TF,4
"FastAI Multilayer LSTM not learning, accuracy decreases while training",1
Input shape error in Tensorflow/Keras Conv2D layer,4
Weird `glibc==2.17` conflict when trying to conda install tensorflow version 1.4.1,0
calculating the mean and std on an array of torch tensors,2
Why am I getting memory allocation error even on batch size = 1?,3
How do I install Pytorch 1.3.1 with CUDA enabled,0
Replace a slice of one tensor with another bigger Tensor in Python,2
Force installing torchvisionversion  0.4.2 when I am forced to use pytorch version 1.3.1 due to hardware constraints (ppc64le IBM),0
How does one install torchmeta for a ppc64le architecture in pytorch?,0
How does one use Pytorch (+ cuda) with an A100 GPU?,3
Excessive GPU memory usage for Keras model.fit(),3
"Error - Why is Tensorflow ""save_model"" failing?",4
How to stop training CNN part while continue training ANN part in a Multi-input Model?,1
keras tensorflow2 get results for the training data,1
Implementing BiLSTM-Attention-CRF Model using Pytorch,2
Training Word2Vec is extremely slow,1
Why different GPUs use different amounts of memory?,3
PyTorch Circular Padding in one Dimension,2
Implement a custom loss function in Tensorflow BoostedTreesEstimator,2
Training Keras LSTM with 3D input,1
Pytorch is throwing an error Runtime Error: result type Float can't be cast to the desired output type Long,4
Focal Loss in Pytorch implementation,2
Tensorflow 2.8 Image Segmentation with Custom Dataset,2
Pytorch Lightning repeats main script for each gpu,3
Pytorch memory profiler returns high CPU memory for empty,3
Pytorch Cuda for ubuntu 20.04,0
How can I speed the training up for a model with a custom loss function in Keras?,1
How do I use cross categorical encoding with tensorflow Keras Functional API?,2
Tensorflow Object Detection Performance Drop in Android,3
Pytorch Installation for different CUDA architectures,0
Pip is uninstalling pytorch built from source when i use 'pip install <some other package that needs pytorch>'. Is there a way?,0
How to install Python 3.8 along with Python 3.9 in Arch Linux?,0
Feature Normalization/Standard Scalar in Keras,2
huggingface distillbert classification using multiprocessing,2
Scikit-Learn vs Keras (Tensorflow) for multinomial logistic regression,2
setting bias for multiclass classification python tensorflow keras,2
tf-1.5 or tf-2.1 when running object detection training,1
Tensorflow 2.2 which cuDNN library to install?,0
Is it possible to implement switching between layers based on input in Keras?,2
Wrong shapes for multi input arrays in keras,4
Huggingface Transformer - GPT2 resume training from saved checkpoint,1
Optimizing Loss Function for Speed in Tensorflow,2
Training Network with sub networks,1
Why conda installs old pytorch with by default with cudatoolkit=11.2,0
"Tensorflow2 Warning on Shape Mismatch, Still Training",4
How to do tensorflow inference with multiple models?,2
tensorflow train with sparse data,1
Greedy Initialization in Keras,2
How to drive keras-rl training from an external application?,1
How to calculate dimensions of first linear layer of a CNN,2
min-max normalization of a tensor in PyTorch,2
How to use GPU in pytorch?,3
Is there a way to get a tree of objects currently in GPU memory in Pytorch?,3
How to build classifier chain where each binary classifier is a Keras's neural network?,2
Installed Pytorch 1.12 in the environment but detects version 1.10.0+cpu,0
Is it required to clear GPU tensors in PyTorch?,3
BERT embeddings in batches,2
Installing PyTorch with CUDA in setup.py,0
TensorflowLite C API input buffer layout for multidimensional tensor,2
From numpy array of sentences to array of embedding,2
Use all 24 Gb for one application on the K80 GPU,3
How to train Pytorch model on custom data,1
Image Classification using tf.keras CNN questions about kernel and how to create test dataset?,2
Embedding layer in neural machine translation with attention,2
Efficient multinomial sampling for sparse array/tensor in python,2
keras lstm incorrect input_shape,4
Multiple PyTorch networks running in parallel on different CPUs,3
Tensorflow : convolutional autoencoder via subclassing,2
Tensorflow keras multiprocessing leaves threads open,2
OOM when allocating tensor with shape - how to get more GPU memory,3
UnidentifiedImageError when training a model using TF ImageGenerator,1
converting tensorflow transpose to pytorch migrate,5
Does this LSTM loop code break the computational graph in PyTorch?,2
multi label classification using Tensorflow 2.0,2
1D classification using Tensorflow 2.0,2
How do I tie embeddings between a `torch.nn.Embedding` and `torch.nn.EmbeddingBag`?,2
Cannot install torchvision via poetry in windows,0
How to visualize data flow in a tensorflow project,2
Where is torch.matmul implemented?,2
How to implement a custom Pytorch Dataset with map() method,2
TF-Keras - Dataset.from_generator for multi-input functional API model,2
How to use the LSTM model for multi-step forecasting?,2
What is the multi-label binary classification?,2
PyTorch GPU out of memory,3
Convert a tensorflow script to pytorch,5
converting tensorflow .pb model to .mlmodel,5
Preprocessing test images using opencv for prediction,2
In PyTorch is GPU memory freed when a GPU tensor is assigned a new value?,3
Printing intermediate tensors during training,1
How to compute deterministic policy gradients in DDPG?,2
Pytorch: No training effect after deepcopy,1
Imputing axes by index in Tensorflow,2
pytorch cuda not available: CUDA initialization: CUDA unknown error,0
Cannot convert TensorFlow (Keras) model to ONNX,5
How switch tensorflow versions between 2.0 and 1.x?,5
Basic IPU example crashes with Value Error,4
cyclic learning rate with multiple learning rates,1
Converting pretrained model from tfhub to tflite,5
Estimating mixture of Gaussian models in Pytorch,2
How to use Tensorflow lite with java?,5
How to know on which GPU tensorflow model is training on,1
Error loading keras model in Deeplearning4j - java,4
Compilation issue on mac Error,4
Inequivalent output from tf.nn.conv2d and keras.layers.Conv2D,5
Implement SeparableConv2D in Pytorch,2
Computing matrix derivatives with PyTorch,2
Keras with tensorflow implementation of the dynamic filters structure in CondInst,2
how to do custom pre-processing on data when using tf.data?,2
Tensorflow 2.6.0 and TA-lib 0.4.21 numpy version collision,0
mamba install of FASTBOOK leading to provider install issue,0
How to develop a tf.data object from a generator that only outputs a list of arrays?,2
tensorflow tfjs-node memory leak,3
Do useless values matter in training?,1
Export TFlite ssd-mobilenet without NMS and with bounding boxes decoding logic using Tensorflow Object Detection API,2
Detect if image is blurry using pytorch android API,2
How to use Tensorflow Lite on AWS Lambda,5
How to do minimum pooling in tensorflow?,2
How to run Keras Retinanet object detection code example with custom dataset?,2
How to implement time-distributed dense (TDD) layer in PyTorch,2
How to resume/continue from already trained YOLO5 Training Epoch?,1
"Installed pytorch through conda, but cannot import in Windows 10",0
TensorFlow works although it is not installed,0
Memory Efficient Nearest Neighbour Algorithm,3
manually computing cross entropy loss in pytorch,2
Implementation of Unlikelihood  loss in pytorch,2
How to load a Keras model in R on Windows?,5
Efficient way of using numpy memmap when training neural network with pytorch,1
Parallelizing tensor operations in TensorFlow,2
Converting tensorflow 2 estimator to tf.lite,5
correct way to create batch for pytorch.nn.lstm batch training,1
Modify trained model architecture and continue training Keras,1
Custom text pre-processing saved in Tensorflow model,2
Size of the training data of GPT2-XL pre-trained model,1
Learning arithmetic function with tensorflow multi-layer perceptron network,2
RNN model with one-hot encoding data for binary classification in PyTorch,2
How to get conda cuda version the same as the system cuda version?,0
Can I update cuda version through conda?,0
Installing autogluon in Amazon EMR,0
Why is tensorflow looking for cuda10.1 while cuda 10.0 installed?,0
Is this the right way to compute cosine similarity in PyTroch?,2
Print score value in bounding box,2
How can we get regression coefficients from a Keras linear regression model?,2
Pooling for 1D tensor,2
Extracting indexes from a max pool over uniform data,2
Convert Keras generator to Tensorflow Dataset to train Resnet50,5
TensorFlow 2.3 dataset pipeline run out of memory,3
PyTorch BatchNorm2d Calculation,2
Overwriting vs mutating pytorch weights,2
Finding function/class definitions in PyTorch,2
Sequence to Sequence classification with CNN-LSTM model in keras,2
Tensorflow docker installation problem.,0
Validation data separate from training data TensorFlow 2?,1
How use to Feature crosses with Keras Functional API,2
Bert model giving CUDA out of memory error on google colab,3
Tensorflow model compatibility with Keras model,5
Implementation of for loop in tensorflow lazy execution mode,2
Reduce tensor by concatenating numbers in last dimension,2
"Value Error: Dimensions must be equal, but are 100 and 19 with input shapes: [?,100], [?,100,19]",4
Incompatible shapes while using triplet loss and pre-trained resnet,4
Learning with Batch Normalization vs without Batch Normalization,2
How can I use GPT 3 for my text classification?,2
LSTM + Attention Implementation with undefined timestep shape,2
"Value Error: Shapes (None, 1) and (None, 3) are incompatible",4
Predicting class based on context and historical data,2
Concatenate three inputs of different dimensions in Keras,2
broadcasting across tensors in `pytorch`,2
wrapped convolution in tensorflow,2
importing error default_collate is not defined,0
PyTorch Batch masked select implementation,2
Problem using core.post_processing.multiclass_non_max_suppression in Tensorflow Object Detection API,2
How to correctly train and predict in Tensorflow 2?,1
How do I implement itertools.permutations in tensorflow,2
Cleaning Google TPU memory (python),3
how to use tensorflow saved_model.load,2
Tensorflow variable initialization inside loss function,2
Keras import confusion?,0
Install Tensorflow Object Detection API without replacing existing Tensorflow package,0
reading a protobuf created with TF2 using TF1,5
Pytorch : GPU Memory Leak,3
Pytorch: How to know if GPU memory being utilised is actually needed or is there a memory leak,3
Forecasting a subset of time-series features,2
spliting custom binary dataset in train/test subsets using tensorflow io,1
Can't install tensorflow-macos on MacM1 (errors while installing grpcio),0
save and load keras model with custom layer with additional attributes,2
Computing Cosine Distance with Differently shaped tensors,2
"In PyTorch, can I load a tensor from file directly to the GPU, without using CPU memory?",3
"How to customise a CNN layers with TensorFlow 2, Feed new inputs at Dense Layers of CNN",2
How to create Tensorflow Dataset with input images and multiple target features in .csv,2
"How to use pooling on rows, i.e: from (512, 20, 32) to (512, 10, 32)?",2
Can I use embedding layer instead of one hot as category input?,2
How do I compute batched sample covariance in PyTorch?,2
Integrate keras LSTM and scikit boost,2
"On single gpu, can TensorFlow train a model which larger than GPU memory?",3
Applying a mask to Conv2D kernel in Keras,2
Training and testing in convolutional neural networks,1
Normalize input for Tensorflow object detection API,2
Tensorflow - does autodiff relives us from the back-prop implementation?,2
Use tensorboard with object detection API in sagemaker,2
Tensorflow Object Detection Api Tests Fail,2
Evaluate model on different data dimension,2
Reading the dataset as batches to train,1
problem accessing the pytorch versions in conda environment,0
Error loading TensorflowJS in Electron App (Nodejs),4
"""torch"" and ""pytorch"" version mismatch in conda",0
CPU vs GPU usage in Keras (Tensorflow 2.1),3
"Keras training with shuffled tf.data: if training is interrupted, how to continue training at last data iteration/order of last saved checkpoint",1
How to combine two predefined models in Keras TensorFlow?,2
How to manually compute the number of FLOPS in backward pass for a CNN like ResNet?,2
How to implement a custom cost function in keras?,2
error Debugging tf.data.Dataset.map,4
BERT + custom layer training performance going down with epochs,1
will tf.dataset.cache work in distributed training when shuffle is enabled,1
"Multivariative, multi-step time series prediction with LSTM and TimeseriesGenerator",2
How to do a masked mean in PyTorch?,2
Tensorflow - Extract string from Tensor,2
Huggingface transformers unusual memory use,3
Creating a distance matrix in TensorFlow,2
Feeding tf.data Dataset with multidimensional output to Keras model,2
Probablity distributions/confidence score for each bounding box for Tensorflow Object Detection API,2
How do I debug backprop implementation from scratch?,2
Saving a TF model with crossed features,2
What is the recommended way to sum a list in TorchScript,2
Segmentation to one-hot encoding,2
How to train universal sentence encoder from scratch,1
Tensorflow: Multi gpu training slower than on single GPU,3
Different image sizes as inputs for Tensorflow 2 Object Detection API,2
How to estimate how much GPU memory required for deep learning?,3
How do you implement softmax with Tensorflow.JS,2
what's up with tensorflow.js MNIST example nextbatch implementation?,2
KerasTuner Custom Objective Function,2
How to convert .hdf5 to .h5 keras model,5
How can the CNN model be trained with K-Fold Cross Validation,1
Pytorch GPU memory keeps increasing with every batch,3
How to optimize in pytorch training,1
Tensorflow on M1 does not use GPU,3
How to get probability of prediction per entity from Spacy NER model?,2
NN model format conversion tflite to onnx migration,5
How implement Batch Norm with SWA in Tensorflow?,2
Improving the accuracy of Iris ML model using Tensorflow,3
How can I print the activations of each layer of a model while training the same Keras model?,1
Functions within Keras 'Recurrent' layer,2
"Using keras.layers.Normalization for preprocessing, the adapt call freezes",2
How can I write a custom metric only for the regularisation losses?,2
How can we apply a constraint to the value of a custom trainable variable?,2
Clarification of a Faster R-CNN torchvision implementation,2
Pytorch inference CUDA out of memory when multiprocessing,2
Installing tf-models-official on Windows 10,0
Does naming of the ops impacts the memory/compute performance of TensorFlow?,3
ucrtbase.DLL crashed with Exception error Code: 40000015,4
How to load data during training of a multi-output model without iteration in Keras?,1
TensorFlow: out of memory depends on data size,3
Extract target from Tensorflow PrefetchDataset,2
training loss is nan in keras LSTM,1
How to multiply Tensorflow arrays across specified indicies,2
How to split the dataset into inputs and labels in tensorflow?,1
How to determine PyTorch data input dimensions for model visualization?,2
How to implement AttentionDecoder in tensorflow.keras?,2
Tuning multiple losses in a multi-headed neural network,2
Combine boolean mask with slice in a pytorch tensor,2
Index Error: Target -1 is out of bounds error in tabular learner fatai2,4
How to properly reset GPU memory in Pytorch?,3
object detection of a high aspect ratio object,2
Meaning of 'Accuracy' reported during Training in Keras/Tensoflow?,1
Manual Bidirectional torch.nn.RNN Implementation,2
Manipulating each batch individually in a tensorflow dataset,2
"Can't install tensorflow with reticulate via conda, virtualenv, or py_install",0
Are there any plans to migrate the deeplab code to tensorflow 2?,5
Tensorflow migration problem regardless defining the operations tensorflow.python.framework.ops,5
How to migrate Tensorflow 1.x class to Tensorflow 2.1.x,5
Migrating to Tensorflow 2.x from 1.x results in much slower training and ResourceExhaustedErrors on Google AI platform,5
How to migrate from keras.engine.[...] to tf.keras.engine?,5
Tensorflow port model from 1.x to 2.x,5
Migrating code to TF2 and not getting the ModuleNotFoundError: No module named 'tensorflow.contrib.framework',5
